name,content
王俊豪,"後現代諮商或心理治療理論的核心概念在於「反本質主義」與「多元詮釋」。這些理論認為，個體的經驗與心理困擾並非固定不變，而是由其所處的社會文化環境所建構。例如，敘事治療（Narrative Therapy）強調「故事重構」，幫助個案重新定義自己的生命經驗，而非受限於社會給予的負面標籤。

在婦幼保護領域，這些理論提醒我們，受暴婦女與兒童並不應該被視為「弱者」或「受害者」，而是具有自身故事與能動性的個體。婦幼保護工作者應透過與個案的對話，協助其發掘自身的能力與價值，而不是單方面提供指導或援助。此外，解構主義（Deconstructionism）強調挑戰社會既定的性別角色與權力結構，這對於改善家庭暴力與性別不平等問題至關重要。"
張怡婷,"後現代心理治療強調個體的主觀經驗與社會建構的重要性，並認為問題的存在並非來自個人的內在缺陷，而是由環境與敘事所形塑。例如，解決導向短期治療（Solution-Focused Brief Therapy, SFBT）便專注於個案的資源與可能性，而非過度關注問題本身。

對於婦幼保護工作者而言，這樣的觀點提供了新的介入方式。例如，在處理家暴案件時，我們不應僅僅強調創傷經驗，而是幫助個案發掘自身的韌性與應對策略。此外，去病理化的觀點提醒我們，許多家庭衝突並非個體病理問題，而是社會文化與權力關係的產物。因此，工作者需要站在多元文化與性別平等的角度來思考問題，而非以單一標準判斷個案的需求。"
林柏宇,"後現代心理治療的關鍵在於「去病理化」與「多元視角」。相較於傳統心理治療強調診斷與治療，後現代取向的理論更關注如何幫助個案重新定義自己的困境，並發掘其內在資源。例如，合作取向治療（Collaborative Therapy）強調治療師與個案之間的對話關係，避免專家對案主的權威式解釋。

在婦幼保護的實務中，這提醒我們應該避免將受暴者標籤化，而是與他們共同建構新的生命敘事。例如，對於受家暴的婦女，治療師不應僅專注於其受害經歷，而是協助她們發掘自身的能力，如過去成功應對困難的經驗，進而建立新的行動策略。此外，這些理論也強調文化敏感度，提醒我們在工作中應尊重不同家庭的價值觀與決策方式，而非一味套用單一的標準來衡量個案的需求。"
黃詩涵,"後現代心理治療理論，如敘事治療與焦點解決短期治療，強調改變個案對自身問題的敘述方式，進而影響其行為與情緒。例如，敘事治療主張個案的問題並非來自內在，而是來自社會建構的影響，因此透過重新詮釋經驗，個案可以賦予自己的故事新的意義。

對於婦幼保護工作者而言，這意味著我們應該關注個案的主觀經驗，而非單純依據社會既定標準來判斷。例如，當協助家暴受害者時，應該讓他們參與自己的治療過程，而不是單方面提供建議。同時，焦點解決短期治療的「例外問題技術」提醒我們，個案過去可能曾有成功應對困境的經驗，而這些經驗可以成為未來改變的基礎。因此，婦幼保護工作者應鼓勵案主從自身資源中尋找解決方案，而非完全依賴外部援助。"
