batch_start,batch_end,source,content,type,prompt_tokens,completion_tokens
0,6,user,"目前正在處理第 0 至 6 筆 YouBike 站點數據（共 7 筆）。
以下為該批次 YouBike 即時資訊:
[{'站點編號': '500101107', '站點名稱': 'YouBike2.0_和平龍泉街口', '總車位': 34, '可借車輛數': 33, '可還車位數': 0, '緯度': 25.02638, '經度': 121.52971}, {'站點編號': '500101109', '站點名稱': 'YouBike2.0_臺灣師範大學(圖書館)', '總車位': 40, '可借車輛數': 25, '可還車位數': 15, '緯度': 25.0266, '經度': 121.52973}, {'站點編號': '500101229', '站點名稱': 'YouBike2.0_臺灣師範大學(浦城街)', '總車位': 15, '可借車輛數': 7, '可還車位數': 8, '緯度': 25.02476, '經度': 121.52803}, {'站點編號': '500105015', '站點名稱': 'YouBike2.0_師範大學公館校區', '總車位': 14, '可借車輛數': 7, '可還車位數': 7, '緯度': 25.00792, '經度': 121.53731}, {'站點編號': '500105061', '站點名稱': 'YouBike2.0_師範大學公館校區_1', '總車位': 34, '可借車輛數': 33, '可還車位數': 1, '緯度': 25.00753, '經度': 121.53719}, {'站點編號': '500105066', '站點名稱': 'YouBike2.0_景美污水抽水站', '總車位': 15, '可借車輛數': 2, '可還車位數': 13, '緯度': 25.01076, '經度': 121.53637}, {'站點編號': '500105070', '站點名稱': 'YouBike2.0_師大公館校區學二舍', '總車位': 40, '可借車輛數': 37, '可還車位數': 2, '緯度': 25.00825, '經度': 121.53419}]

其中請根據以上數據進行分析，並提供完整的 YouBike 站點建議。
請特別關注以下方面：
  1. 哪些站點即將無車可借？
  2. 哪些站點快要沒有車位可還？
  3. 是否建議從師大本部，騎腳踏車到師大本部?
請各代理人協同合作，提供一份完整且具參考價值的分析。",TextMessage,,
0,6,data_agent,"好的，根據提供的 YouBike 站點數據，我來進行分析並提供建議：

**1. 哪些站點即將無車可借？**

*   **YouBike2.0_景美污水抽水站 (站點編號: 500105066):** 僅剩 2 輛可借車輛，接近無車可借狀態。

**2. 哪些站點快要沒有車位可還？**

*   **YouBike2.0_和平龍泉街口 (站點編號: 500101107):** 可還車位數為 0，已無車位可還。
*   **YouBike2.0_師範大學公館校區_1 (站點編號: 500105061):** 僅剩 1 個可還車位，接近沒有車位可還。
*   **YouBike2.0_師大公館校區學二舍 (站點編號: 500105070):** 僅剩 2 個可還車位，接近沒有車位可還。

**3. 是否建議從師大本部，騎腳踏車到師大本部?**

這個問題需要更精確的起點和終點。如果：

*   **從師大本部 (和平東路) 出發，到師大本部其他站點 (例如：臺灣師範大學(圖書館)、臺灣師範大學(浦城街))：** 考量到距離較短，且這兩個站點目前皆有可還車位 (15個與8個)，加上其他站點可能無位可還，因此可以考慮。
*   **從師大本部 (和平東路) 出發，到師大公館校區：** 考慮到距離稍遠，需要騎乘一段時間，且公館校區的站點 (師範大學公館校區, 師範大學公館校區_1, 師大公館校區學二舍) 的還車位數量皆較少，可能會有無法順利還車的風險。**不建議**。

**整體建議：**

1.  **調度車輛：** 建議相關單位盡快調度車輛，從可借車輛數較多的站點 (例如：臺灣師範大學(圖書館), 師大公館校區學二舍) 調度到即將無車可借的站點 (景美污水抽水站)，以滿足民眾的借車需求。
2.  **調度車位：** 同樣，建議將和平龍泉街口，師範大學公館校區_1, 師大公館校區學二舍的車輛調度至車位較多的站點 (例如：臺灣師範大學(圖書館)、臺灣師範大學(浦城街))。
3.  **提前規劃：** 使用者在使用 YouBike 前，建議先查詢各站點的即時資訊，確認是否有車可借或有位可還，避免到現場後無法順利借還車。
4.  **彈性路線：** 如果目的地站點已無位可還，可以考慮騎到附近的 YouBike 站點還車。

以上分析與建議，希望能對您有所幫助。

TERMINATE
",TextMessage,824.0,743.0
0,6,assistant,"TERMINATE
",TextMessage,1567.0,3.0
0,6,user_proxy,exit,TextMessage,,
